{
    "mpnet-fd": {
        "hidden_size": 256,
        "activation": "silu",
        "dropout": 0.22,
        "lr": 0.0016,
        "checkpoint": "bin/mpnet-best-fd.pt",
        "epochs": 64,
        "batch_size": 128
    },
    "dbert": {
        "lr": 7e-05,
        "checkpoint": "bin/distillbert-best-fd.pt",
        "epochs": 123,
        "batch_size": 128
    },
    "mpnet": {
        "hidden_size": 1024,
        "activation": "relu",
        "dropout": 0.4348,
        "lr": 0.0036,
        "checkpoint": "bin/mpnet-nn-cpu.pt",
        "e_thresh": {
            "0.05": 0.717544,
            "0.1": 0.897005,
            "0.2": 1.351563,
            "0.3": 1.366063,
            "0.4": 1.370349,
            "0.5": 1.761856,
            "0.6": 1.954536,
            "0.7": 2.08732,
            "0.8": 2.274589,
            "0.9": 2.212998,
            "1.0": 3.225932
        },
        "d_thresh": {
            "0.05": 1.670134,
            "0.1": 1.218677,
            "0.2": 0.488802,
            "0.3": 1.306688,
            "0.4": 0.266667,
            "0.5": 0.291507,
            "0.6": 0.483333,
            "0.7": 0.483333,
            "0.8": 0.384413,
            "0.9": 0.7,
            "1.0": 0.7
        }
    },
    "knn": {
        "d_thresh": {
            "0.05": 0.982418,
            "0.1": 0.995321,
            "0.2": 1.084372,
            "0.3": 1.27726,
            "0.4": 0.302405,
            "0.5": 0.305642,
            "0.6": 0.306314,
            "0.7": 0.400273,
            "0.8": 0.389528,
            "0.9": 0.382741,
            "1.0": 0.827624
        },
        "e_thresh": {
            "0.05": 0.832418,
            "0.1": 0.995321,
            "0.2": 1.084372,
            "0.3": 1.27726,
            "0.4": 1.7,
            "0.5": 1.627944,
            "0.6": 1.7,
            "0.7": 1.7,
            "0.8": 3.976077,
            "0.9": 1.7,
            "1.0": 1.7
        },
        "e_thresh_imdb": {
            "0.05": 0.480709,
            "0.1": 0.479727,
            "0.2": 0.583423,
            "0.3": 0.646231,
            "0.4": 0.683778,
            "0.5": 0.685027,
            "0.6": 0.683798,
            "0.7": 0.684712,
            "0.8": 0.684354,
            "0.9": 0.684369,
            "1.0": 0.6898
        },
        "d_thresh_imdb": {
            "0.05": 0.896995,
            "0.1": 1.553999,
            "0.2": 1.463798,
            "0.3": 1.882338,
            "0.4": 1.438057,
            "0.5": 1.40234,
            "0.6": 1.270696,
            "0.7": 1.323749,
            "0.8": 0.769935,
            "0.9": 1.097681,
            "1.0": 0.663389
        }
    },
    "train_path": "data/raw/banking77/train.csv",
    "test_path": "data/raw/banking77/test.csv",
    "train3_path": "data/processed/banking77/best3_train.csv",
    "dev_path": "data/processed/banking77/dev.csv",
    "imdb_path": "data/processed/imdb/train.csv",
    "imdb_dev_path": "data/processed/imdb/dev.csv",
    "imdb_test_path": "data/processed/imdb/test.csv",
    "lambda-tuning-cache": {
        "0.05": {
            "e_thresh": 0.5538362439230712,
            "d_thresh": 1.2173840441842214
        },
        "0.1": {
            "e_thresh": 0.5538362439230712,
            "d_thresh": 1.2173840441842214
        },
        "0.2": {
            "e_thresh": 0.5538362439230712,
            "d_thresh": 1.2173840441842214
        },
        "0.3": {
            "e_thresh": 0.5538362439230712,
            "d_thresh": 1.2173840441842214
        },
        "0.4": {
            "e_thresh": 0.5538362439230712,
            "d_thresh": 1.2173840441842214
        },
        "0.5": {
            "e_thresh": 0.5538362439230712,
            "d_thresh": 1.2173840441842214
        },
        "0.6": {
            "e_thresh": 0.5538362439230712,
            "d_thresh": 1.2173840441842214
        }
    }
}